{"g": 0.2643324799093097, "a": 0.23981054947377523, "t": 0.23710617203299053, "c": 0.2587507985839246, "C": 0.031573486533353186, "G": 0.0334132317550593, "A": 0.01566425370230713, "T": 0.014396126447658529}